Sex,Pclass,Survived
female,1,0.9680851063829787
female,2,0.9210526315789473
female,3,0.5
male,1,0.36885245901639346
male,2,0.1574074074074074
male,3,0.13544668587896252
